customer_id,first_name,last_name,email,country,customer_segment,signup_date,date_of_birth
CUST00001,Linda,Smith,linda.smith1@example.com,GB,retail,2022-07-18,1967-07-09
CUST00002,Linda,Wilson,linda.wilson2@example.com,NL,premium,2021-06-28,1957-11-07
CUST00003,James,Garcia,james.garcia3@example.com,GB,business,2022-03-24,1957-05-19
CUST00004,Fatima,Chen,fatima.chen4@example.com,SG,premium,2024-08-23,1974-10-11
CUST00005,Ahmed,Nakamura,ahmed.nakamura5@example.com,US,retail,2022-07-24,1992-11-30
CUST00006,William,Brown,william.brown6@example.com,GB,retail,2021-11-15,1964-03-03
CUST00007,Robert,Davis,robert.davis7@example.com,FR,retail,2021-07-18,1978-09-24
CUST00008,Maria,Ali,maria.ali8@example.com,US,premium,2024-01-04,1962-01-26
CUST00009,Fatima,Brown,fatima.brown9@example.com,NL,retail,2024-07-11,1972-04-01
CUST00010,Robert,Smith,robert.smith10@example.com,GB,retail,2024-09-16,1962-02-27
CUST00011,Sofia,Garcia,sofia.garcia11@example.com,DE,premium,2023-02-18,1987-09-24
CUST00012,Elena,Kim,elena.kim12@example.com,GB,retail,2022-12-29,1961-05-28
CUST00013,Yuki,Johnson,yuki.johnson13@example.com,GB,retail,2023-12-30,1996-06-21
CUST00014,Daniel,Brown,daniel.brown14@example.com,SG,retail,2024-08-03,1984-02-04
CUST00015,Maria,Chen,maria.chen15@example.com,FR,premium,2021-03-07,1979-01-08
CUST00016,Robert,Chen,robert.chen16@example.com,FR,retail,2024-03-07,1999-10-15
CUST00017,Daniel,Ali,daniel.ali17@example.com,DE,retail,2021-10-20,1977-02-15
CUST00018,Fatima,Wilson,fatima.wilson18@example.com,NL,premium,2022-06-23,1990-10-31
CUST00019,Grace,Chen,grace.chen19@example.com,SG,premium,2021-10-11,1963-02-26
CUST00020,Maria,Garcia,maria.garcia20@example.com,US,premium,2021-11-10,1960-09-12
CUST00021,Daniel,Davis,daniel.davis21@example.com,AU,business,2024-05-05,1977-07-22
CUST00022,Fatima,Smith,fatima.smith22@example.com,US,business,2024-10-25,1978-12-09
CUST00023,William,Garcia,william.garcia23@example.com,CA,retail,2022-08-25,1995-09-15
CUST00024,James,Brown,james.brown24@example.com,US,business,2023-10-23,1964-07-18
CUST00025,Aisha,Wilson,aisha.wilson25@example.com,GB,retail,2024-06-01,1988-07-18
CUST00026,Elena,Wilson,elena.wilson26@example.com,US,business,2023-12-23,1984-01-30
CUST00027,Olivia,Smith,olivia.smith27@example.com,FR,retail,2021-08-18,1976-06-25
CUST00028,Maria,Chen,maria.chen28@example.com,US,retail,2024-03-07,1998-08-07
CUST00029,Robert,Wilson,robert.wilson29@example.com,US,premium,2021-09-15,1969-10-24
CUST00030,John,Wilson,john.wilson30@example.com,CA,retail,2024-05-27,2003-05-20
CUST00031,David,Brown,david.brown31@example.com,FR,premium,2023-03-29,2001-06-07
CUST00032,Ahmed,Garcia,ahmed.garcia32@example.com,GB,retail,2022-05-23,1985-05-01
CUST00033,James,Nakamura,james.nakamura33@example.com,GB,business,2024-02-09,1974-10-04
CUST00034,James,Garcia,james.garcia34@example.com,US,retail,2024-07-16,1961-01-17
CUST00035,Maria,Kim,maria.kim35@example.com,SG,retail,2021-05-26,1979-12-26
CUST00036,Olivia,Chen,olivia.chen36@example.com,US,business,2024-01-10,1997-05-28
CUST00037,Sofia,Ali,sofia.ali37@example.com,GB,retail,2023-04-14,1963-09-12
CUST00038,Chen,Kim,chen.kim38@example.com,CA,premium,2023-05-18,1959-11-11
CUST00039,Linda,Smith,linda.smith39@example.com,FR,retail,2023-04-05,1977-04-22
CUST00040,David,Chen,david.chen40@example.com,AU,retail,2024-01-04,1992-11-06
CUST00041,Elena,Brown,elena.brown41@example.com,GB,retail,2023-08-06,1994-10-03
CUST00042,Fatima,Garcia,fatima.garcia42@example.com,SG,retail,2021-04-14,1963-05-15
CUST00043,Sofia,Johnson,sofia.johnson43@example.com,AU,premium,2023-04-13,1974-03-06
CUST00044,Daniel,Smith,daniel.smith44@example.com,CA,retail,2021-12-04,1990-01-10
CUST00045,John,Ali,john.ali45@example.com,CA,business,2022-08-08,1998-08-30
CUST00046,Michael,Chen,michael.chen46@example.com,GB,retail,2022-08-31,2003-08-23
CUST00047,Maria,Kim,maria.kim47@example.com,US,business,2021-04-28,1997-10-10
CUST00048,Lucas,Wilson,lucas.wilson48@example.com,US,business,2021-11-19,1962-03-10
CUST00049,Elena,Garcia,elena.garcia49@example.com,US,retail,2024-05-03,1991-03-23
CUST00050,Linda,Nakamura,linda.nakamura50@example.com,NL,business,2022-05-20,1958-07-26
CUST00051,Yuki,Garcia,yuki.garcia51@example.com,NL,business,2023-05-09,2001-11-25
CUST00052,William,Brown,william.brown52@example.com,FR,retail,2022-02-23,1978-10-30
CUST00053,Daniel,Johnson,daniel.johnson53@example.com,DE,premium,2024-10-07,1983-05-14
CUST00054,Robert,Smith,robert.smith54@example.com,NL,business,2023-07-28,1963-12-21
CUST00055,Robert,Wilson,robert.wilson55@example.com,SG,retail,2022-03-13,1966-11-19
CUST00056,Grace,Garcia,grace.garcia56@example.com,FR,retail,2022-05-16,1969-02-25
CUST00057,Ahmed,Wilson,ahmed.wilson57@example.com,NL,business,2022-09-12,1955-09-14
CUST00058,Fatima,Brown,fatima.brown58@example.com,US,retail,2024-09-20,1978-09-23
CUST00059,Linda,Garcia,linda.garcia59@example.com,US,retail,2024-02-08,1980-04-11
CUST00060,Yuki,Chen,yuki.chen60@example.com,GB,retail,2022-12-04,2000-05-05
CUST00061,Olivia,Brown,olivia.brown61@example.com,US,premium,2021-04-15,1979-10-28
CUST00062,Maria,Smith,maria.smith62@example.com,US,retail,2022-11-15,1969-06-30
CUST00063,Ahmed,Wilson,ahmed.wilson63@example.com,SG,retail,2023-05-26,1965-01-13
CUST00064,Robert,Johnson,robert.johnson64@example.com,US,retail,2024-01-23,1968-04-14
CUST00065,Chen,Johnson,chen.johnson65@example.com,DE,retail,2021-03-27,1958-07-31
CUST00066,Grace,Chen,grace.chen66@example.com,GB,retail,2024-10-28,1986-09-24
CUST00067,Fatima,Davis,fatima.davis67@example.com,US,retail,2024-06-25,1969-07-30
CUST00068,Elena,Davis,elena.davis68@example.com,US,retail,2021-02-20,1991-12-09
CUST00069,Sofia,Brown,sofia.brown69@example.com,US,premium,2021-11-23,1958-06-22
CUST00070,Olivia,Chen,olivia.chen70@example.com,AU,retail,2022-02-13,1982-05-19
CUST00071,Sofia,Chen,sofia.chen71@example.com,GB,premium,2021-02-18,1984-06-13
CUST00072,John,Garcia,john.garcia72@example.com,FR,business,2022-07-26,1990-11-09
CUST00073,Fatima,Kim,fatima.kim73@example.com,US,retail,2021-02-26,1971-01-08
CUST00074,Noah,Brown,noah.brown74@example.com,US,business,2021-03-20,1993-12-26
CUST00075,Grace,Kim,grace.kim75@example.com,NL,business,2023-06-13,1965-05-17
CUST00076,Daniel,Nakamura,daniel.nakamura76@example.com,DE,retail,2022-01-25,1994-02-13
CUST00077,James,Wilson,james.wilson77@example.com,GB,retail,2024-01-08,1993-09-10
CUST00078,Robert,Kim,robert.kim78@example.com,FR,retail,2024-06-30,1981-12-10
CUST00079,Lucas,Brown,lucas.brown79@example.com,CA,retail,2024-09-27,1991-02-06
CUST00080,Aisha,Wilson,aisha.wilson80@example.com,GB,premium,2021-09-18,1989-01-05
CUST00081,Elena,Nakamura,elena.nakamura81@example.com,DE,premium,2024-03-11,2004-02-27
CUST00082,James,Brown,james.brown82@example.com,GB,premium,2022-08-11,1983-11-29
CUST00083,Ahmed,Ali,ahmed.ali83@example.com,GB,business,2023-06-25,1997-06-14
CUST00084,Elena,Garcia,elena.garcia84@example.com,SG,business,2022-08-05,1985-01-26
CUST00085,Robert,Chen,robert.chen85@example.com,DE,retail,2024-10-09,1972-11-12
CUST00086,Michael,Smith,michael.smith86@example.com,GB,premium,2021-04-05,1961-07-14
CUST00087,Ahmed,Davis,ahmed.davis87@example.com,NL,retail,2024-07-13,1989-06-13
CUST00088,Olivia,Davis,olivia.davis88@example.com,US,retail,2022-05-15,1964-07-24
CUST00089,Chen,Chen,chen.chen89@example.com,SG,premium,2021-12-27,1959-07-04
CUST00090,Fatima,Chen,fatima.chen90@example.com,AU,retail,2021-09-06,1996-09-07
CUST00091,Lucas,Wilson,lucas.wilson91@example.com,FR,premium,2024-05-04,2000-04-14
CUST00092,Chen,Wilson,chen.wilson92@example.com,US,premium,2023-07-03,1995-05-18
CUST00093,John,Chen,john.chen93@example.com,DE,business,2024-07-29,1998-06-23
CUST00094,Sofia,Brown,sofia.brown94@example.com,US,retail,2023-06-20,1976-01-14
CUST00095,John,Kim,john.kim95@example.com,SG,retail,2022-10-17,1967-06-01
CUST00096,Michael,Chen,michael.chen96@example.com,US,retail,2023-02-24,1960-10-05
CUST00097,Chen,Davis,chen.davis97@example.com,SG,premium,2022-11-09,1992-04-20
CUST00098,Maria,Chen,maria.chen98@example.com,CA,business,2023-05-11,1956-10-02
CUST00099,Noah,Davis,noah.davis99@example.com,US,retail,2023-09-04,1981-10-15
CUST00100,Daniel,Davis,daniel.davis100@example.com,SG,business,2024-01-08,1974-10-14
CUST00101,Olivia,Chen,olivia.chen101@example.com,CA,premium,2022-07-13,1957-08-09
CUST00102,Daniel,Kim,daniel.kim102@example.com,CA,retail,2024-10-01,1996-12-06
CUST00103,Michael,Nakamura,michael.nakamura103@example.com,US,premium,2023-12-30,1957-06-07
CUST00104,Robert,Davis,robert.davis104@example.com,AU,retail,2021-10-05,1959-07-06
CUST00105,John,Davis,john.davis105@example.com,GB,premium,2022-11-02,1984-04-28
CUST00106,William,Davis,william.davis106@example.com,CA,retail,2022-07-24,1962-05-07
CUST00107,Olivia,Smith,olivia.smith107@example.com,US,retail,2024-01-10,1975-02-12
CUST00108,Robert,Smith,robert.smith108@example.com,GB,retail,2021-03-05,1956-10-29
CUST00109,Yuki,Johnson,yuki.johnson109@example.com,US,premium,2022-05-04,1965-04-06
CUST00110,Noah,Chen,noah.chen110@example.com,DE,retail,2023-08-11,1970-01-20
CUST00111,Yuki,Nakamura,yuki.nakamura111@example.com,US,retail,2021-08-23,1964-09-12
CUST00112,Noah,Smith,noah.smith112@example.com,NL,premium,2022-10-01,1990-08-02
CUST00113,David,Garcia,david.garcia113@example.com,GB,retail,2024-04-27,1982-01-21
CUST00114,Yuki,Garcia,yuki.garcia114@example.com,US,retail,2024-03-05,2002-10-17
CUST00115,Chen,Kim,chen.kim115@example.com,SG,retail,2021-05-22,1956-02-19
CUST00116,Chen,Ali,chen.ali116@example.com,CA,retail,2021-08-05,1996-03-30
CUST00117,Michael,Davis,michael.davis117@example.com,SG,retail,2021-12-27,2003-04-13
CUST00118,Olivia,Ali,olivia.ali118@example.com,NL,retail,2023-06-12,1983-12-01
CUST00119,Sofia,Garcia,sofia.garcia119@example.com,AU,retail,2022-07-26,1996-09-09
CUST00120,Noah,Nakamura,noah.nakamura120@example.com,CA,retail,2024-09-30,1957-07-29
CUST00121,Olivia,Kim,olivia.kim121@example.com,AU,retail,2022-01-08,1986-10-31
CUST00122,John,Kim,john.kim122@example.com,NL,retail,2022-07-27,1955-11-29
CUST00123,Lucas,Chen,lucas.chen123@example.com,GB,premium,2021-06-25,1998-10-31
CUST00124,Fatima,Chen,fatima.chen124@example.com,AU,premium,2023-09-03,1956-07-19
CUST00125,Robert,Brown,robert.brown125@example.com,CA,retail,2022-03-30,1982-06-21
CUST00126,Noah,Kim,noah.kim126@example.com,SG,business,2023-08-28,1985-11-03
CUST00127,Chen,Wilson,chen.wilson127@example.com,FR,premium,2022-11-09,1979-04-22
CUST00128,Aisha,Brown,aisha.brown128@example.com,US,retail,2022-04-18,1983-04-23
CUST00129,Linda,Wilson,linda.wilson129@example.com,GB,retail,2022-01-15,1998-06-10
CUST00130,John,Nakamura,john.nakamura130@example.com,NL,retail,2023-12-11,1964-01-08
CUST00131,David,Brown,david.brown131@example.com,FR,retail,2022-04-11,1982-02-12
CUST00132,James,Wilson,james.wilson132@example.com,DE,retail,2021-09-17,1959-11-22
CUST00133,Fatima,Brown,fatima.brown133@example.com,AU,retail,2021-09-16,1956-02-06
CUST00134,Noah,Brown,noah.brown134@example.com,AU,premium,2023-08-20,1985-07-26
CUST00135,Elena,Smith,elena.smith135@example.com,AU,retail,2022-06-02,1960-11-11
CUST00136,Daniel,Ali,daniel.ali136@example.com,NL,retail,2021-06-01,1968-08-11
CUST00137,Michael,Nakamura,michael.nakamura137@example.com,US,retail,2022-09-15,1965-08-17
CUST00138,Fatima,Davis,fatima.davis138@example.com,NL,business,2024-05-26,1975-04-01
CUST00139,Lucas,Davis,lucas.davis139@example.com,AU,retail,2023-07-12,1993-06-21
CUST00140,Aisha,Nakamura,aisha.nakamura140@example.com,US,business,2024-06-25,1963-11-26
CUST00141,David,Chen,david.chen141@example.com,US,retail,2022-06-26,1976-07-08
CUST00142,Elena,Wilson,elena.wilson142@example.com,US,retail,2021-06-03,1991-08-26
CUST00143,Ahmed,Nakamura,ahmed.nakamura143@example.com,DE,retail,2023-08-21,1975-10-08
CUST00144,Aisha,Brown,aisha.brown144@example.com,US,retail,2023-07-19,1978-09-25
CUST00145,Noah,Chen,noah.chen145@example.com,US,business,2023-05-21,1975-03-03
CUST00146,Michael,Brown,michael.brown146@example.com,US,retail,2021-10-19,1969-11-19
CUST00147,Aisha,Nakamura,aisha.nakamura147@example.com,DE,premium,2024-03-11,1966-02-26
CUST00148,Ahmed,Brown,ahmed.brown148@example.com,DE,business,2023-04-05,2003-06-12
CUST00149,Olivia,Ali,olivia.ali149@example.com,NL,retail,2021-06-14,1993-10-04
CUST00150,William,Nakamura,william.nakamura150@example.com,US,retail,2022-05-28,1975-07-16
CUST00151,Noah,Nakamura,noah.nakamura151@example.com,DE,business,2021-02-12,1958-08-11
CUST00152,Elena,Ali,elena.ali152@example.com,AU,retail,2023-11-29,1971-04-14
CUST00153,Noah,Davis,noah.davis153@example.com,AU,retail,2024-07-24,1997-03-02
CUST00154,Grace,Davis,grace.davis154@example.com,FR,retail,2022-11-14,1969-06-05
CUST00155,William,Davis,william.davis155@example.com,DE,premium,2023-10-12,1958-04-17
CUST00156,Ahmed,Garcia,ahmed.garcia156@example.com,DE,retail,2022-10-07,1965-05-26
CUST00157,Daniel,Wilson,daniel.wilson157@example.com,SG,premium,2021-01-03,1992-01-28
CUST00158,Maria,Chen,maria.chen158@example.com,FR,business,2023-11-28,1999-09-21
CUST00159,Ahmed,Smith,ahmed.smith159@example.com,DE,business,2022-02-21,1966-10-03
CUST00160,Aisha,Ali,aisha.ali160@example.com,US,retail,2023-09-20,1976-06-20
CUST00161,Elena,Brown,elena.brown161@example.com,US,business,2024-02-03,1991-08-09
CUST00162,Robert,Chen,robert.chen162@example.com,AU,retail,2021-08-21,1968-10-24
CUST00163,Olivia,Brown,olivia.brown163@example.com,DE,premium,2023-11-09,1998-04-15
CUST00164,Olivia,Chen,olivia.chen164@example.com,SG,retail,2023-07-25,1989-05-31
CUST00165,David,Nakamura,david.nakamura165@example.com,US,retail,2023-11-07,1979-10-14
CUST00166,Chen,Kim,chen.kim166@example.com,DE,retail,2023-11-06,1980-05-17
CUST00167,Aisha,Nakamura,aisha.nakamura167@example.com,AU,retail,2024-04-02,1995-01-23
CUST00168,Fatima,Ali,fatima.ali168@example.com,FR,business,2022-12-08,2003-10-03
CUST00169,Daniel,Ali,daniel.ali169@example.com,GB,retail,2022-10-22,1989-05-11
CUST00170,Sofia,Davis,sofia.davis170@example.com,FR,premium,2021-03-31,1989-03-15
CUST00171,Daniel,Johnson,daniel.johnson171@example.com,US,retail,2023-10-12,2000-01-24
CUST00172,Noah,Kim,noah.kim172@example.com,AU,retail,2021-07-25,2002-03-09
CUST00173,Ahmed,Smith,ahmed.smith173@example.com,CA,retail,2021-10-23,1961-09-17
CUST00174,Olivia,Brown,olivia.brown174@example.com,NL,premium,2022-11-25,1962-03-16
CUST00175,William,Wilson,william.wilson175@example.com,FR,premium,2023-02-18,2003-07-16
CUST00176,Maria,Nakamura,maria.nakamura176@example.com,GB,retail,2021-05-21,1975-05-30
CUST00177,Robert,Davis,robert.davis177@example.com,US,premium,2021-07-21,1969-12-04
CUST00178,Aisha,Smith,aisha.smith178@example.com,FR,retail,2021-04-05,1981-04-27
CUST00179,Grace,Kim,grace.kim179@example.com,US,retail,2023-06-02,2002-08-27
CUST00180,Chen,Nakamura,chen.nakamura180@example.com,US,retail,2024-10-28,1970-09-15
CUST00181,Robert,Nakamura,robert.nakamura181@example.com,NL,retail,2023-02-23,1999-08-25
CUST00182,Noah,Johnson,noah.johnson182@example.com,AU,retail,2022-04-21,1996-03-25
CUST00183,John,Smith,john.smith183@example.com,DE,business,2023-08-11,1969-03-04
CUST00184,Robert,Ali,robert.ali184@example.com,NL,retail,2022-12-09,1993-01-24
CUST00185,John,Ali,john.ali185@example.com,GB,premium,2022-09-11,1998-05-08
CUST00186,Linda,Chen,linda.chen186@example.com,NL,retail,2023-02-21,1981-07-18
CUST00187,Aisha,Smith,aisha.smith187@example.com,CA,retail,2024-09-10,1955-09-23
CUST00188,Noah,Smith,noah.smith188@example.com,AU,retail,2024-05-26,1975-08-24
CUST00189,Yuki,Kim,yuki.kim189@example.com,GB,business,2022-03-25,1977-06-26
CUST00190,Michael,Garcia,michael.garcia190@example.com,US,retail,2024-07-09,1994-07-19
CUST00191,Maria,Nakamura,maria.nakamura191@example.com,US,retail,2023-01-18,1981-06-23
CUST00192,William,Davis,william.davis192@example.com,GB,retail,2021-12-26,2003-05-24
CUST00193,Grace,Wilson,grace.wilson193@example.com,DE,retail,2023-10-25,1978-01-20
CUST00194,Olivia,Brown,olivia.brown194@example.com,US,premium,2022-11-25,1961-10-03
CUST00195,Michael,Chen,michael.chen195@example.com,CA,business,2024-10-17,1987-10-25
CUST00196,Robert,Davis,robert.davis196@example.com,DE,business,2021-01-29,1966-02-01
CUST00197,Ahmed,Kim,ahmed.kim197@example.com,DE,business,2024-10-09,1989-03-08
CUST00198,Grace,Garcia,grace.garcia198@example.com,GB,premium,2024-10-14,1957-03-31
CUST00199,Yuki,Wilson,yuki.wilson199@example.com,NL,retail,2022-11-03,1960-09-02
CUST00200,Ahmed,Brown,ahmed.brown200@example.com,CA,retail,2024-08-22,1967-07-17
