account_id,customer_id,account_type,currency,opened_date,closed_date,status
ACCT000001,CUST00001,savings,USD,2022-07-20,,active
ACCT000002,CUST00002,savings,EUR,2021-08-23,2022-03-09,closed
ACCT000003,CUST00003,credit_card,EUR,2022-05-23,,frozen
ACCT000004,CUST00004,savings,USD,2024-10-08,,active
ACCT000005,CUST00004,credit_card,EUR,2024-10-15,,active
ACCT000006,CUST00005,savings,USD,2022-08-10,,active
ACCT000007,CUST00005,checking,USD,2022-08-21,,active
ACCT000008,CUST00005,savings,GBP,2022-07-30,,frozen
ACCT000009,CUST00006,checking,EUR,2021-12-26,,active
ACCT000010,CUST00006,checking,EUR,2021-12-02,,active
ACCT000011,CUST00006,checking,GBP,2021-11-20,,frozen
ACCT000012,CUST00007,checking,USD,2021-07-21,,active
ACCT000013,CUST00007,checking,GBP,2021-09-06,2022-06-03,closed
ACCT000014,CUST00007,checking,USD,2021-07-31,2022-05-08,closed
ACCT000015,CUST00008,savings,USD,2024-02-23,2024-04-25,closed
ACCT000016,CUST00008,checking,USD,2024-01-12,2024-11-23,closed
ACCT000017,CUST00009,checking,USD,2024-07-12,,active
ACCT000018,CUST00009,credit_card,USD,2024-08-30,,active
ACCT000019,CUST00010,checking,EUR,2024-10-02,,active
ACCT000020,CUST00011,savings,EUR,2023-04-06,,active
ACCT000021,CUST00011,credit_card,GBP,2023-04-08,,active
ACCT000022,CUST00012,credit_card,USD,2023-01-30,,active
ACCT000023,CUST00013,credit_card,USD,2024-02-26,,frozen
ACCT000024,CUST00013,checking,USD,2024-01-28,,frozen
ACCT000025,CUST00014,savings,USD,2024-09-26,,active
ACCT000026,CUST00014,savings,USD,2024-09-03,,frozen
ACCT000027,CUST00014,savings,GBP,2024-09-29,,active
ACCT000028,CUST00015,credit_card,GBP,2021-03-15,,active
ACCT000029,CUST00016,credit_card,GBP,2024-03-27,,active
ACCT000030,CUST00016,credit_card,GBP,2024-03-25,,active
ACCT000031,CUST00017,checking,GBP,2021-12-09,,frozen
ACCT000032,CUST00018,savings,USD,2022-07-06,,active
ACCT000033,CUST00018,savings,EUR,2022-07-19,,active
ACCT000034,CUST00019,savings,USD,2021-10-17,,active
ACCT000035,CUST00020,savings,USD,2021-12-03,,active
ACCT000036,CUST00020,checking,EUR,2021-11-15,,active
ACCT000037,CUST00021,checking,GBP,2024-06-21,,active
ACCT000038,CUST00022,checking,EUR,2024-11-29,,active
ACCT000039,CUST00023,checking,USD,2022-10-06,,active
ACCT000040,CUST00024,credit_card,GBP,2023-11-14,,active
ACCT000041,CUST00024,savings,USD,2023-11-05,,active
ACCT000042,CUST00025,checking,USD,2024-06-23,,active
ACCT000043,CUST00025,savings,GBP,2024-07-07,,active
ACCT000044,CUST00026,credit_card,USD,2024-02-13,,active
ACCT000045,CUST00026,savings,USD,2024-01-30,,frozen
ACCT000046,CUST00026,savings,USD,2024-01-03,,active
ACCT000047,CUST00027,credit_card,EUR,2021-08-29,,active
ACCT000048,CUST00028,checking,USD,2024-04-23,,frozen
ACCT000049,CUST00029,savings,EUR,2021-09-28,,active
ACCT000050,CUST00029,savings,USD,2021-10-06,,active
ACCT000051,CUST00030,checking,USD,2024-07-15,,active
ACCT000052,CUST00030,credit_card,USD,2024-06-05,,active
ACCT000053,CUST00031,savings,EUR,2023-04-15,,active
ACCT000054,CUST00031,savings,USD,2023-05-06,,active
ACCT000055,CUST00032,savings,EUR,2022-06-24,,active
ACCT000056,CUST00033,credit_card,EUR,2024-03-23,,frozen
ACCT000057,CUST00034,checking,EUR,2024-08-04,,active
ACCT000058,CUST00034,checking,USD,2024-08-23,,active
ACCT000059,CUST00035,savings,USD,2021-06-08,,active
ACCT000060,CUST00036,savings,USD,2024-01-10,,active
ACCT000061,CUST00037,checking,GBP,2023-05-18,,frozen
ACCT000062,CUST00038,checking,EUR,2023-06-29,,active
ACCT000063,CUST00038,checking,EUR,2023-07-12,,frozen
ACCT000064,CUST00039,savings,GBP,2023-06-02,,active
ACCT000065,CUST00040,savings,USD,2024-01-29,,frozen
ACCT000066,CUST00041,checking,GBP,2023-08-07,,active
ACCT000067,CUST00042,checking,EUR,2021-05-28,,active
ACCT000068,CUST00043,credit_card,EUR,2023-04-28,,active
ACCT000069,CUST00043,savings,USD,2023-05-16,,active
ACCT000070,CUST00044,checking,USD,2021-12-18,,active
ACCT000071,CUST00044,checking,GBP,2022-01-05,,frozen
ACCT000072,CUST00045,savings,USD,2022-10-04,,active
ACCT000073,CUST00045,checking,USD,2022-08-23,,active
ACCT000074,CUST00046,checking,USD,2022-10-08,,active
ACCT000075,CUST00047,savings,GBP,2021-06-07,,active
ACCT000076,CUST00047,credit_card,GBP,2021-06-15,2022-11-16,closed
ACCT000077,CUST00047,savings,USD,2021-05-18,,frozen
ACCT000078,CUST00048,savings,USD,2021-12-19,,active
ACCT000079,CUST00049,savings,EUR,2024-05-25,2024-10-07,closed
ACCT000080,CUST00049,checking,USD,2024-05-31,,active
ACCT000081,CUST00050,checking,GBP,2022-05-24,,frozen
ACCT000082,CUST00050,savings,GBP,2022-06-27,2023-09-23,closed
ACCT000083,CUST00051,checking,EUR,2023-06-28,,frozen
ACCT000084,CUST00051,checking,USD,2023-07-06,,active
ACCT000085,CUST00052,checking,EUR,2022-03-27,,active
ACCT000086,CUST00052,checking,GBP,2022-03-01,,active
ACCT000087,CUST00053,savings,EUR,2024-10-09,,active
ACCT000088,CUST00053,checking,USD,2024-11-09,,active
ACCT000089,CUST00054,savings,USD,2023-08-15,,active
ACCT000090,CUST00055,savings,USD,2022-03-16,,frozen
ACCT000091,CUST00055,credit_card,EUR,2022-04-03,,active
ACCT000092,CUST00056,credit_card,USD,2022-07-01,,frozen
ACCT000093,CUST00057,checking,USD,2022-10-19,,frozen
ACCT000094,CUST00058,savings,USD,2024-10-31,,frozen
ACCT000095,CUST00059,savings,GBP,2024-04-08,,active
ACCT000096,CUST00059,savings,USD,2024-03-03,,frozen
ACCT000097,CUST00060,credit_card,USD,2023-01-26,,frozen
ACCT000098,CUST00060,savings,GBP,2023-01-14,,frozen
ACCT000099,CUST00061,checking,USD,2021-05-08,,active
ACCT000100,CUST00062,checking,USD,2023-01-03,,active
ACCT000101,CUST00063,savings,USD,2023-06-04,,active
ACCT000102,CUST00063,credit_card,USD,2023-06-27,,active
ACCT000103,CUST00063,credit_card,USD,2023-07-07,,active
ACCT000104,CUST00064,checking,GBP,2024-02-01,,active
ACCT000105,CUST00064,savings,USD,2024-03-14,,active
ACCT000106,CUST00065,checking,EUR,2021-05-09,,frozen
ACCT000107,CUST00066,savings,USD,2024-12-15,,frozen
ACCT000108,CUST00066,savings,EUR,2024-12-01,,active
ACCT000109,CUST00067,credit_card,EUR,2024-07-07,,active
ACCT000110,CUST00067,savings,GBP,2024-07-24,,active
ACCT000111,CUST00067,checking,USD,2024-07-28,,active
ACCT000112,CUST00068,checking,EUR,2021-02-28,,active
ACCT000113,CUST00068,credit_card,USD,2021-04-16,,active
ACCT000114,CUST00069,savings,USD,2021-12-26,,active
ACCT000115,CUST00069,savings,EUR,2022-01-10,,active
ACCT000116,CUST00070,checking,USD,2022-02-22,,active
ACCT000117,CUST00070,savings,USD,2022-04-06,,active
ACCT000118,CUST00070,savings,GBP,2022-03-11,,active
ACCT000119,CUST00071,savings,USD,2021-03-14,,active
ACCT000120,CUST00072,savings,USD,2022-09-23,,active
ACCT000121,CUST00073,checking,EUR,2021-03-16,,active
ACCT000122,CUST00074,checking,USD,2021-03-20,,active
ACCT000123,CUST00075,credit_card,GBP,2023-06-22,,active
ACCT000124,CUST00076,checking,USD,2022-03-15,,active
ACCT000125,CUST00077,credit_card,EUR,2024-01-23,,active
ACCT000126,CUST00078,credit_card,GBP,2024-08-22,,active
ACCT000127,CUST00079,checking,USD,2024-10-29,,active
ACCT000128,CUST00080,checking,GBP,2021-10-27,,active
ACCT000129,CUST00081,checking,GBP,2024-04-22,,frozen
ACCT000130,CUST00082,credit_card,GBP,2022-08-15,2024-04-23,closed
ACCT000131,CUST00082,savings,EUR,2022-09-15,,active
ACCT000132,CUST00082,savings,USD,2022-08-13,,frozen
ACCT000133,CUST00083,checking,USD,2023-06-26,,active
ACCT000134,CUST00084,checking,GBP,2022-09-16,,frozen
ACCT000135,CUST00085,checking,USD,2024-10-30,,active
ACCT000136,CUST00085,checking,EUR,2024-11-12,,active
ACCT000137,CUST00086,checking,USD,2021-05-05,,frozen
ACCT000138,CUST00086,savings,USD,2021-04-09,,frozen
ACCT000139,CUST00086,checking,USD,2021-04-23,,active
ACCT000140,CUST00087,credit_card,EUR,2024-08-02,,active
ACCT000141,CUST00087,savings,USD,2024-09-03,,active
ACCT000142,CUST00087,checking,USD,2024-08-30,,frozen
ACCT000143,CUST00088,savings,USD,2022-07-03,,active
ACCT000144,CUST00089,savings,EUR,2022-01-19,,active
ACCT000145,CUST00090,checking,EUR,2021-09-30,,active
ACCT000146,CUST00090,savings,GBP,2021-10-20,,active
ACCT000147,CUST00090,savings,USD,2021-09-23,,active
ACCT000148,CUST00091,credit_card,USD,2024-06-25,,active
ACCT000149,CUST00092,savings,USD,2023-07-08,,active
ACCT000150,CUST00093,checking,EUR,2024-09-12,,active
ACCT000151,CUST00094,savings,GBP,2023-06-22,,frozen
ACCT000152,CUST00095,checking,USD,2022-11-03,,frozen
ACCT000153,CUST00095,savings,USD,2022-11-28,,frozen
ACCT000154,CUST00095,checking,USD,2022-11-18,,frozen
ACCT000155,CUST00096,savings,USD,2023-04-03,,frozen
ACCT000156,CUST00097,savings,USD,2022-11-24,,frozen
ACCT000157,CUST00098,credit_card,USD,2023-06-16,,active
ACCT000158,CUST00099,savings,EUR,2023-11-03,,active
ACCT000159,CUST00099,credit_card,USD,2023-10-22,,active
ACCT000160,CUST00100,savings,USD,2024-02-02,,active
ACCT000161,CUST00100,checking,EUR,2024-01-15,,active
ACCT000162,CUST00101,savings,USD,2022-09-09,2023-03-08,closed
ACCT000163,CUST00101,checking,GBP,2022-08-27,,active
ACCT000164,CUST00102,checking,USD,2024-11-28,,active
ACCT000165,CUST00103,checking,EUR,2024-01-03,,active
ACCT000166,CUST00104,savings,USD,2021-11-25,,frozen
ACCT000167,CUST00104,credit_card,GBP,2021-11-19,,active
ACCT000168,CUST00104,checking,USD,2021-10-23,,active
ACCT000169,CUST00105,checking,USD,2022-12-04,,active
ACCT000170,CUST00105,checking,EUR,2022-12-22,,active
ACCT000171,CUST00106,savings,GBP,2022-08-28,2023-11-08,closed
ACCT000172,CUST00107,checking,USD,2024-03-06,,active
ACCT000173,CUST00108,savings,GBP,2021-04-19,,frozen
ACCT000174,CUST00109,checking,USD,2022-05-30,2022-10-12,closed
ACCT000175,CUST00110,credit_card,USD,2023-09-08,,active
ACCT000176,CUST00110,credit_card,USD,2023-08-19,,active
ACCT000177,CUST00111,credit_card,USD,2021-08-31,,active
ACCT000178,CUST00111,credit_card,USD,2021-10-15,,active
ACCT000179,CUST00112,checking,USD,2022-10-11,,active
ACCT000180,CUST00113,checking,USD,2024-05-30,,active
ACCT000181,CUST00113,credit_card,USD,2024-05-09,,frozen
ACCT000182,CUST00113,savings,GBP,2024-05-05,,frozen
ACCT000183,CUST00114,checking,GBP,2024-04-06,,frozen
ACCT000184,CUST00114,checking,GBP,2024-05-04,2024-12-07,closed
ACCT000185,CUST00115,credit_card,USD,2021-06-29,,active
ACCT000186,CUST00115,checking,USD,2021-07-13,,active
ACCT000187,CUST00116,checking,GBP,2021-09-23,2022-08-20,closed
ACCT000188,CUST00116,checking,EUR,2021-08-31,2023-08-15,closed
ACCT000189,CUST00116,credit_card,USD,2021-09-30,,frozen
ACCT000190,CUST00117,checking,EUR,2022-01-15,,active
ACCT000191,CUST00117,checking,USD,2022-01-15,,active
ACCT000192,CUST00118,savings,USD,2023-07-08,,active
ACCT000193,CUST00119,savings,USD,2022-08-04,,active
ACCT000194,CUST00120,credit_card,GBP,2024-10-08,,active
ACCT000195,CUST00120,checking,EUR,2024-10-06,,active
ACCT000196,CUST00120,savings,USD,2024-10-07,,active
ACCT000197,CUST00121,savings,GBP,2022-01-11,,active
ACCT000198,CUST00122,savings,GBP,2022-09-20,,active
ACCT000199,CUST00123,savings,GBP,2021-07-07,,active
ACCT000200,CUST00123,savings,EUR,2021-07-24,,active
ACCT000201,CUST00124,credit_card,EUR,2023-11-02,,active
ACCT000202,CUST00125,checking,USD,2022-04-12,2023-06-07,closed
ACCT000203,CUST00125,credit_card,EUR,2022-04-17,,active
ACCT000204,CUST00125,checking,EUR,2022-04-17,2022-06-24,closed
ACCT000205,CUST00126,savings,EUR,2023-09-13,,frozen
ACCT000206,CUST00127,credit_card,GBP,2022-12-04,,active
ACCT000207,CUST00128,checking,EUR,2022-05-23,,active
ACCT000208,CUST00129,credit_card,GBP,2022-03-04,2023-02-13,closed
ACCT000209,CUST00129,checking,EUR,2022-01-22,,active
ACCT000210,CUST00130,checking,USD,2024-01-01,,active
ACCT000211,CUST00131,checking,USD,2022-05-06,2022-08-15,closed
ACCT000212,CUST00131,savings,EUR,2022-04-19,,frozen
ACCT000213,CUST00132,checking,USD,2021-09-26,2023-05-06,closed
ACCT000214,CUST00132,checking,EUR,2021-11-15,2022-12-06,closed
ACCT000215,CUST00133,credit_card,USD,2021-11-02,,active
ACCT000216,CUST00133,savings,GBP,2021-10-18,2023-06-15,closed
ACCT000217,CUST00133,checking,USD,2021-10-05,,active
ACCT000218,CUST00134,credit_card,USD,2023-08-27,,active
ACCT000219,CUST00135,checking,GBP,2022-07-18,,frozen
ACCT000220,CUST00135,credit_card,GBP,2022-07-02,,active
ACCT000221,CUST00136,checking,GBP,2021-06-04,2022-12-07,closed
ACCT000222,CUST00137,checking,USD,2022-10-24,,active
ACCT000223,CUST00137,checking,USD,2022-09-17,2024-11-02,closed
ACCT000224,CUST00138,checking,EUR,2024-06-15,,active
ACCT000225,CUST00139,credit_card,EUR,2023-08-07,,active
ACCT000226,CUST00139,checking,USD,2023-09-05,,frozen
ACCT000227,CUST00140,savings,GBP,2024-07-30,,active
ACCT000228,CUST00140,checking,EUR,2024-07-19,,active
ACCT000229,CUST00141,savings,GBP,2022-07-17,2023-09-12,closed
ACCT000230,CUST00141,checking,USD,2022-07-26,,active
ACCT000231,CUST00141,checking,USD,2022-07-31,,active
ACCT000232,CUST00142,savings,USD,2021-07-18,,active
ACCT000233,CUST00142,credit_card,USD,2021-07-03,,active
ACCT000234,CUST00143,credit_card,EUR,2023-09-26,,frozen
ACCT000235,CUST00144,checking,USD,2023-08-13,,active
ACCT000236,CUST00144,checking,USD,2023-07-21,,active
ACCT000237,CUST00144,savings,EUR,2023-09-16,,active
ACCT000238,CUST00145,credit_card,USD,2023-07-12,2024-06-13,closed
ACCT000239,CUST00146,credit_card,USD,2021-11-27,,frozen
ACCT000240,CUST00147,checking,USD,2024-04-22,,active
ACCT000241,CUST00148,savings,USD,2023-04-26,,frozen
ACCT000242,CUST00149,credit_card,USD,2021-06-22,,active
ACCT000243,CUST00149,savings,EUR,2021-07-10,,frozen
ACCT000244,CUST00150,savings,USD,2022-07-15,,active
ACCT000245,CUST00150,checking,GBP,2022-07-08,,active
ACCT000246,CUST00151,checking,USD,2021-03-31,,frozen
ACCT000247,CUST00152,checking,EUR,2024-01-21,,active
ACCT000248,CUST00153,savings,USD,2024-08-04,,frozen
ACCT000249,CUST00153,credit_card,GBP,2024-07-24,,active
ACCT000250,CUST00154,savings,GBP,2022-12-05,,active
ACCT000251,CUST00155,credit_card,EUR,2023-12-07,,active
ACCT000252,CUST00155,checking,USD,2023-10-29,,active
ACCT000253,CUST00156,savings,USD,2022-11-05,,frozen
ACCT000254,CUST00157,credit_card,USD,2021-01-24,,active
ACCT000255,CUST00158,savings,EUR,2024-01-21,,frozen
ACCT000256,CUST00159,checking,USD,2022-02-26,,active
ACCT000257,CUST00159,savings,USD,2022-03-01,,active
ACCT000258,CUST00160,savings,USD,2023-10-14,,active
ACCT000259,CUST00161,credit_card,USD,2024-02-22,,active
ACCT000260,CUST00161,savings,USD,2024-02-19,,frozen
ACCT000261,CUST00161,checking,EUR,2024-02-06,,frozen
ACCT000262,CUST00162,credit_card,USD,2021-09-15,,frozen
ACCT000263,CUST00163,savings,GBP,2023-12-19,,active
ACCT000264,CUST00163,checking,EUR,2023-11-23,,active
ACCT000265,CUST00164,savings,GBP,2023-09-10,2024-11-25,closed
ACCT000266,CUST00165,checking,USD,2023-12-25,,active
ACCT000267,CUST00165,checking,GBP,2023-12-20,,active
ACCT000268,CUST00165,savings,USD,2023-12-05,,active
ACCT000269,CUST00166,credit_card,GBP,2023-11-13,,active
ACCT000270,CUST00166,checking,USD,2023-11-18,,active
ACCT000271,CUST00166,checking,USD,2023-11-26,,active
ACCT000272,CUST00167,credit_card,EUR,2024-05-03,,active
ACCT000273,CUST00167,savings,USD,2024-05-23,,active
ACCT000274,CUST00168,credit_card,EUR,2023-01-06,2023-05-05,closed
ACCT000275,CUST00168,checking,EUR,2023-01-20,,active
ACCT000276,CUST00169,checking,GBP,2022-10-22,,frozen
ACCT000277,CUST00170,checking,GBP,2021-04-27,,active
ACCT000278,CUST00171,savings,USD,2023-12-10,,active
ACCT000279,CUST00171,checking,USD,2023-10-30,,active
ACCT000280,CUST00171,savings,USD,2023-11-30,,frozen
ACCT000281,CUST00172,savings,EUR,2021-08-18,,active
ACCT000282,CUST00172,credit_card,USD,2021-07-30,,frozen
ACCT000283,CUST00172,checking,USD,2021-09-04,,active
ACCT000284,CUST00173,checking,USD,2021-11-17,2022-05-26,closed
ACCT000285,CUST00173,savings,EUR,2021-12-10,,active
ACCT000286,CUST00173,credit_card,EUR,2021-12-05,,frozen
ACCT000287,CUST00174,checking,EUR,2023-01-16,,active
ACCT000288,CUST00174,savings,USD,2022-12-17,,active
ACCT000289,CUST00175,checking,EUR,2023-04-05,,active
ACCT000290,CUST00175,checking,USD,2023-03-29,,active
ACCT000291,CUST00175,credit_card,USD,2023-02-22,,active
ACCT000292,CUST00176,checking,USD,2021-07-03,,frozen
ACCT000293,CUST00177,checking,GBP,2021-08-15,,active
ACCT000294,CUST00177,checking,GBP,2021-08-03,,active
ACCT000295,CUST00178,credit_card,USD,2021-04-19,,frozen
ACCT000296,CUST00178,savings,USD,2021-05-11,2023-09-09,closed
ACCT000297,CUST00178,credit_card,USD,2021-04-24,,active
ACCT000298,CUST00179,credit_card,GBP,2023-06-19,,active
ACCT000299,CUST00180,savings,GBP,2024-12-25,,active
ACCT000300,CUST00180,savings,EUR,2024-11-28,,active
ACCT000301,CUST00180,savings,EUR,2024-12-17,,active
ACCT000302,CUST00181,credit_card,EUR,2023-03-19,,active
ACCT000303,CUST00182,checking,EUR,2022-05-05,,active
ACCT000304,CUST00183,savings,GBP,2023-09-15,,active
ACCT000305,CUST00183,savings,USD,2023-09-13,,active
ACCT000306,CUST00183,savings,USD,2023-08-27,,active
ACCT000307,CUST00184,checking,GBP,2023-02-01,,active
ACCT000308,CUST00184,checking,USD,2023-01-24,,active
ACCT000309,CUST00184,credit_card,GBP,2023-01-02,,frozen
ACCT000310,CUST00185,credit_card,GBP,2022-09-15,,active
ACCT000311,CUST00186,savings,USD,2023-03-06,,active
ACCT000312,CUST00187,checking,EUR,2024-09-22,,frozen
ACCT000313,CUST00188,checking,EUR,2024-07-09,,active
ACCT000314,CUST00188,credit_card,USD,2024-07-23,,active
ACCT000315,CUST00188,savings,EUR,2024-07-14,,active
ACCT000316,CUST00189,savings,USD,2022-04-16,,active
ACCT000317,CUST00189,savings,USD,2022-04-26,,active
ACCT000318,CUST00190,savings,USD,2024-08-24,,active
ACCT000319,CUST00190,savings,USD,2024-08-01,,active
ACCT000320,CUST00191,checking,USD,2023-02-01,,frozen
ACCT000321,CUST00191,credit_card,EUR,2023-02-03,2024-11-22,closed
ACCT000322,CUST00192,checking,EUR,2022-01-07,,active
ACCT000323,CUST00193,credit_card,USD,2023-11-09,,active
ACCT000324,CUST00193,savings,EUR,2023-11-10,,active
ACCT000325,CUST00194,checking,USD,2023-01-14,,active
ACCT000326,CUST00195,credit_card,USD,2024-11-17,,active
ACCT000327,CUST00195,checking,USD,2024-11-19,,active
ACCT000328,CUST00196,checking,USD,2021-02-24,,active
ACCT000329,CUST00196,checking,USD,2021-03-15,,active
ACCT000330,CUST00197,credit_card,GBP,2024-11-01,,active
ACCT000331,CUST00197,savings,USD,2024-12-06,,active
ACCT000332,CUST00198,checking,USD,2024-11-18,,active
ACCT000333,CUST00199,checking,GBP,2022-11-20,2023-11-08,closed
ACCT000334,CUST00199,savings,USD,2022-12-25,,frozen
ACCT000335,CUST00200,checking,USD,2024-08-28,,active
